source_root,hf_repo,archive,image_count,remote_size,manifest_sha256,verification,status,last_checked
scans/tlg0087/tlg045/cramer-1836-pp228-236,Zual/TLG_libre_scans,webdataset/tlg0087--tlg045--cramer-1836-pp228-236--db8793741518.tar,9,5017600,ac02c16e243a090514d0ffef890dc5a3cc1af77cc024abeeb9d198eb47a9fd7a,REMOTE_PATH_AND_SIZE_MATCH,MIGRATED_PUBLIC,2026-08-11
scans/tlg0405/tlg003/demianczuk-1912,Zual/TLG_libre_scans,webdataset/tlg0405--tlg003--demianczuk-1912--654492fafdda.tar,170,165150720,f99816d7de77c32ba7affb0645f82648f1e3a53861841aef480884e1cfdb60cf,REMOTE_PATH_AND_SIZE_MATCH,MIGRATED_PUBLIC,2026-08-11
scans/tlg0541/tlg023/koeln-tm61510,Zual/TLG_libre_scans,webdataset/tlg0541--tlg023--koeln-tm61510--4b706f11c033.tar,1,163840,0325c3eb422bf3fdd2574ea58cd5488a00cf0f63612b1e1bda573405643dc38c,REMOTE_PATH_AND_SIZE_MATCH,MIGRATED_PUBLIC,2026-08-11
scans/tlg1021/tlg001/koeln-tm59146,Zual/TLG_libre_scans,scans/tlg1021/tlg001/koeln-tm59146,2,7953336,c214676cce2695d2a7cbad4337e2c48e069a356dc6a03d676ccc592e94a728d4,REMOTE_2_FILES_SIZE_AND_MANIFEST_SHA256_MATCH,MIGRATED_PUBLIC,2026-08-11
scans/tlg0643/tlg001/diels-1893,Zual/TLG_libre_scans,webdataset/tlg0643--tlg001--diels-1893--4a456b419eff.tar,162,57169920,fe8a508744b0b67d9ada324541727981b2c040c1dbcec910ed96fdf7b31705a6,REMOTE_PATH_AND_SIZE_MATCH,MIGRATED_PUBLIC,2026-08-11
scans/tlg0721/tlg017/ermerins-1840,Zual/TLG_libre_scans,webdataset/tlg0721--tlg017--ermerins-1840--00b0a67a5763.tar,358,117268480,3088c6710e93b1cdb3a60023ec2d2810154ef79e1799e3979bb83d7dde8c4597,REMOTE_PATH_AND_SIZE_MATCH,MIGRATED_PUBLIC,2026-08-11
scans/tlg0723/tlg002/ermerins-1840,Zual/TLG_libre_scans,webdataset/tlg0723--tlg002--ermerins-1840--332f4d0955fe.tar,343,134666240,923ce1c3eb593eb5e845ef09c0057421bf7eadc5bca3820a7bee82be58938a1d,REMOTE_PATH_AND_SIZE_MATCH,MIGRATED_PUBLIC,2026-08-11
scans/tlg1118/tlg001/sprengel-dioscorides-v2-1830,Zual/TLG_libre_scans,webdataset/tlg1118--tlg001--sprengel-dioscorides-v2-1830--4ba9e545dc7d.tar,41,34304000,7a3050194371c95e19a916405440942d47ba2445349349125fc6f9cefd208865,REMOTE_PATH_AND_SIZE_MATCH,MIGRATED_PUBLIC,2026-08-11
scans/tlg1128/tlg001/diels-schubart-1905,Zual/TLG_libre_scans,webdataset/tlg1128--tlg001--diels-schubart-1905--2b2187c10e21.tar,114,50247680,a4d0c46121d9a826cb96a7848c92d02462993c9f5bf45014d0e9ef798c3acdbd,REMOTE_PATH_AND_SIZE_MATCH,MIGRATED_PUBLIC,2026-08-11
scans/tlg1493/tlg001/hense-1894-p312,Zual/TLG_libre_scans,webdataset/tlg1493--tlg001--hense-1894-p312--649b5e5aafd4.tar,1,1239040,0044cc7f9d239795e94f6e239a1efd08928ccb31558c05ac822c8c36c6e2e0b0,REMOTE_PATH_AND_SIZE_MATCH,MIGRATED_PUBLIC,2026-08-11
scans/tlg1495/tlg001/poxy13-1600,Zual/TLG_libre_scans,webdataset/tlg1495--tlg001--poxy13-1600--373e182813b3.tar,3,860160,eb3f8fa9d201dd14eb8f84312699eb4d9958c205f5d623687b2f343f19b14f23,REMOTE_PATH_AND_SIZE_MATCH,MIGRATED_PUBLIC,2026-08-11
scans/tlg1530/tlg004/carnuth-1875,Zual/TLG_libre_scans,webdataset/tlg1530--tlg004--carnuth-1875--f8efac38df2a.tar,86,30033920,e6bb6bd6a1ef4fb53436a09a5dd2cb3d665ed05826a2251f019381076cb279b2,REMOTE_PATH_AND_SIZE_MATCH,MIGRATED_PUBLIC,2026-08-11
scans/tlg1560/tlg001/preuschen-1905,Zual/TLG_libre_scans,webdataset/tlg1560--tlg001--preuschen-1905--fdb827023986.tar,236,74567680,413f357e1003bfec97698c037469f25ce7a14a599abad05070fb1cac3f400f66,REMOTE_PATH_AND_SIZE_MATCH,MIGRATED_PUBLIC,2026-08-11
scans/tlg1617/tlg002/cramer-1836-p255,Zual/TLG_libre_scans,webdataset/tlg1617--tlg002--cramer-1836-p255--8cbce3c703ef.tar,1,1269760,0157bf771f456e1e127f4f423d3bb54bc8debc68ab52f392c81f66c1947857b7,REMOTE_PATH_AND_SIZE_MATCH,MIGRATED_PUBLIC,2026-08-11
scans/tlg1672/tlg002/langkavel-1868,Zual/TLG_libre_scans,webdataset/tlg1672--tlg002--langkavel-1868--a48be4b312e0.tar,176,58624000,9b693758647f58455452ff8c37f4a9d808ec5b247fd3d64f2399bfd82dfb0851,REMOTE_PATH_AND_SIZE_MATCH,MIGRATED_PUBLIC,2026-08-11
scans/tlg2181/tlg002/caag2-1888-pp300-315,Zual/TLG_libre_scans,webdataset/tlg2181--tlg002--caag2-1888-pp300-315--40007d1db9e6.tar,16,16558080,cde3c729b354688de2967c6aae0b2a9990c2e52f0e1561ae5902a6f60c8b2fda,REMOTE_PATH_AND_SIZE_MATCH,MIGRATED_PUBLIC,2026-08-11
scans/tlg2584/tlg001/kaibel-1899,Zual/TLG_libre_scans,webdataset/tlg2584--tlg001--kaibel-1899--906af87c035c.tar,280,146391040,21dcf90ffe61684d56a24967c895f64aa0ffa01b49a9d42c3fca957be8361c3e,REMOTE_PATH_AND_SIZE_MATCH,MIGRATED_PUBLIC,2026-08-11
scans/tlg2896/tlg012/nau-oriens-christianus-1903,Zual/TLG_libre_scans,webdataset/tlg2896--tlg012--nau-oriens-christianus-1903--f5b78700e9aa.tar,28,43622400,c45767af185fee282d744f63562ff5a0cd0422f7f248560df6b7b83f75788c64,REMOTE_PATH_AND_SIZE_MATCH,MIGRATED_PUBLIC,2026-08-11
scans/tlg2962/tlg005/pg18-cols512-517,Zual/TLG_libre_scans,webdataset/tlg2962--tlg005--pg18-cols512-517--a53d4688852e.tar,4,21954560,af313ee875c9e5bd8bda69dd68572cb32756f5f03245248e348b1427144b0ab0,REMOTE_PATH_AND_SIZE_MATCH,MIGRATED_PUBLIC,2026-08-11
scans/tlg2972/tlg001/wachsmuth-1897,Zual/TLG_libre_scans,webdataset/tlg2972--tlg001--wachsmuth-1897--cb020d9c5cd8.tar,450,210513920,45a0b40de9757bb0237fdd7ecc4430671cc533ef10588f3ca37e0ba5c0d27ede,REMOTE_PATH_AND_SIZE_MATCH,MIGRATED_PUBLIC,2026-08-11
scans/tlg3141/tlg001/bekker-1836,Zual/TLG_libre_scans,webdataset/tlg3141--tlg001--bekker-1836--dc7c8e84f35f.tar,292,99225600,90995ca836079b5e9b867d12e4a7dd1b17714863f5acfaaabc973651b0c1977c,REMOTE_PATH_AND_SIZE_MATCH,MIGRATED_PUBLIC,2026-08-11
scans/tlg3156/tlg001/flach-1876,Zual/TLG_libre_scans,webdataset/tlg3156--tlg001--flach-1876--f8a2d7d2571f.tar,453,155443200,a34a3ba3d3a454bc5a93cbf88da6382a2adaeb899b28482b371459abb6ee71d4,REMOTE_PATH_AND_SIZE_MATCH,MIGRATED_PUBLIC,2026-08-11
scans/tlg3396/tlg001b/hercher-1873-pp607-608,Zual/TLG_libre_scans,webdataset/tlg3396--tlg001b--hercher-1873-pp607-608--d929163d096d.tar,2,1853440,c1b695c6a18b0ebe9b2fe4dbe0944e957f8b7b662efe316911154bb5382cf8e3,REMOTE_PATH_AND_SIZE_MATCH,MIGRATED_PUBLIC,2026-08-11
scans/tlg4024/tlg003/niebuhr-1828,Zual/TLG_libre_scans,webdataset/tlg4024--tlg003--niebuhr-1828--30aefb08877a.tar,467,48005120,67e7cc5168618b6048d29f2a08a3b29c833d55970f9db36f48efd789be41172c,REMOTE_PATH_AND_SIZE_MATCH,MIGRATED_PUBLIC,2026-08-11
scans/tlg4036/tlg002/manitius-1909-reprint-1974,Zual/TLG_libre_scans,webdataset/tlg4036--tlg002--manitius-1909-reprint-1974--40fa79da9293.tar,424,105789440,307c73090766769eea40339e4c21ce95ef21dc0c11af5e8dfcaa33be82f99300,REMOTE_PATH_AND_SIZE_MATCH,MIGRATED_PUBLIC,2026-08-11
scans/tlg4036/tlg006/ritzenfeld-1912,Zual/TLG_libre_scans,webdataset/tlg4036--tlg006--ritzenfeld-1912--dd0fbde9a102.tar,92,40058880,49d1ea20fb29ec173184dfbd2397437340a620b94466470eef598f7ac6ca70cd,REMOTE_PATH_AND_SIZE_MATCH,MIGRATED_PUBLIC,2026-08-11
scans/tlg4280/tlg005/miller-offprint-1872,Zual/TLG_libre_scans,webdataset/tlg4280--tlg005--miller-offprint-1872--7196612159be.tar,128,38103040,cdd7e4a7cd654304825e73a05b81f650a4be52fa693ee42caa695d35532ea8c1,REMOTE_PATH_AND_SIZE_MATCH,MIGRATED_PUBLIC,2026-08-11
scans/tlg4286/tlg004/cramer-1836-pp275-307,Zual/TLG_libre_scans,webdataset/tlg4286--tlg004--cramer-1836-pp275-307--a5c58a4923b0.tar,33,33095680,d6f1019dc99c94f164b8b1730cb912098495791c529ef25bf82bc999f8a772ba,REMOTE_PATH_AND_SIZE_MATCH,MIGRATED_PUBLIC,2026-08-11
scans/tlg4374/tlg001/kroll-viereck-1895,Zual/TLG_libre_scans,webdataset/tlg4374--tlg001--kroll-viereck-1895--880558dd3174.tar,114,51537920,09559a1a946987241eaaca86adacbb499e06266aadb6a144b0ac0499dbbf3bf7,REMOTE_PATH_AND_SIZE_MATCH,MIGRATED_PUBLIC,2026-08-11
scans/tlg4443/tlg002/pg141-cols1032-1273,Zual/TLG_libre_scans,webdataset/tlg4443--tlg002--pg141-cols1032-1273--73a1b05ddf7b.tar,122,95539200,e25629c4ce0db2ee59ef28c71a2bfb6523bbbb4d2c241b3e7e42291d05c4fda2,REMOTE_PATH_AND_SIZE_MATCH,MIGRATED_PUBLIC,2026-08-11
scans/volumes/acropolita-heisenberg-1903/vol1,Zual/TLG_libre_scans,webdataset/volumes--acropolita-heisenberg-1903--vol1--e7d1fc609db2.tar,402,209295360,6e6183f75fdc5bd4191ec3e1fa5fd1c170551b6556ff025d96f07df4c55d6a05,REMOTE_PATH_AND_SIZE_MATCH,MIGRATED_PUBLIC,2026-08-11
scans/volumes/acropolita-heisenberg-1903/vol2,Zual/TLG_libre_scans,webdataset/volumes--acropolita-heisenberg-1903--vol2--05f79327d6e6.tar,156,80916480,609ca9199d63032393a7267024e62d8fc45602b69c4ca9f751f69f19a5fd8f45,REMOTE_PATH_AND_SIZE_MATCH,MIGRATED_PUBLIC,2026-08-11
scans/volumes/apocrypha-anecdota-james-1893,Zual/TLG_libre_scans,webdataset/volumes--apocrypha-anecdota-james-1893--f89cb7ae1e78.tar,232,70287360,c46d1df814275d5205a8c36c7425e1546b31b96cb87f4f18f30377c7ff30d068,REMOTE_PATH_AND_SIZE_MATCH,MIGRATED_PUBLIC,2026-08-11
scans/volumes/apollinaris-lietzmann-1904,Zual/TLG_libre_scans,webdataset/volumes--apollinaris-lietzmann-1904--6d438894f5a1.tar,360,71772160,6f271b5d6ccb85081dc6d92696f289fc0e5cd78b19540b80503be3f486f9058b,REMOTE_PATH_AND_SIZE_MATCH,MIGRATED_PUBLIC,2026-08-11
scans/volumes/brandis-scholia-aristotelem-1836,Zual/TLG_libre_scans,webdataset/volumes--brandis-scholia-aristotelem-1836--e55304dbb976.tar,856,848896000,168c1fa2421e827fc4b39bc5227f13f2c9f1fdd0329829382ae35aba2753731b,REMOTE_PATH_AND_SIZE_MATCH,MIGRATED_PUBLIC,2026-08-11
scans/volumes/cag20-heylbut-1892,Zual/TLG_libre_scans,webdataset/volumes--cag20-heylbut-1892--07a27792f943.tar,690,159109120,a97b730d8ce882fcde40cf12105018344c23e9e4d0e6e992733d1e3fb6c8b0c2,REMOTE_PATH_AND_SIZE_MATCH,MIGRATED_PUBLIC,2026-08-11
scans/volumes/cag21-2-rabe-1896,Zual/TLG_libre_scans,webdataset/volumes--cag21-2-rabe-1896--fd6c63080154.tar,792,334080000,978e68c2228cf94148038e89a867cf379d1d466996f9cdc1b79e891a481bad1a,REMOTE_PATH_AND_SIZE_MATCH,MIGRATED_PUBLIC,2026-08-11
scans/volumes/ccag8-3-boudreaux-1912,Zual/TLG_libre_scans,webdataset/volumes--ccag8-3-boudreaux-1912--d40e3ab66168.tar,250,50759680,ea53b8c14d1b5537fec2100e90972cbd800f49f9689f5abc5c40d1026ab49fdf,REMOTE_PATH_AND_SIZE_MATCH,MIGRATED_PUBLIC,2026-08-11
scans/volumes/cramer-anecdota-graeca-v3-1836,Zual/TLG_libre_scans,webdataset/volumes--cramer-anecdota-graeca-v3-1836--af029ce7327b.tar,157,86978560,4d13fd7548633ae6f85e99591a676ea543daff5e310298e2a78564eddaad44f4,REMOTE_PATH_AND_SIZE_MATCH,MIGRATED_PUBLIC,2026-08-11
scans/volumes/cshb-bekker-1838-phrantzes-cananus-anagnostes,Zual/TLG_libre_scans,webdataset/volumes--cshb-bekker-1838-phrantzes-cananus-anagnostes--6360dedbc7b7.tar,582,56279040,d9b24bac6ec019cad2ef8ac7dfad47fbb24bafbab9ef4e0fa2dddff6633ae7f4,REMOTE_PATH_AND_SIZE_MATCH,MIGRATED_PUBLIC,2026-08-11
scans/volumes/eberhard-fabulae-romanenses1-1872,Zual/TLG_libre_scans,webdataset/volumes--eberhard-fabulae-romanenses1-1872--a2be1bbea6a5.tar,336,207554560,c597b247b9e066038fc188a4d9a320d03acda7a007a1b6ee4cc7aed51a00c542,REMOTE_PATH_AND_SIZE_MATCH,MIGRATED_PUBLIC,2026-08-11
scans/volumes/fhg2-mueller,Zual/TLG_libre_scans,webdataset/volumes--fhg2-mueller--53c805d8a38b.tar,690,498401280,131d158e3fc64a2a03bb912f085df1f37f4f4291c6779094850ba3c162e646df,REMOTE_PATH_AND_SIZE_MATCH,MIGRATED_PUBLIC,2026-08-11
scans/volumes/fhg3-mueller,Zual/TLG_libre_scans,webdataset/volumes--fhg3-mueller--91adb3d3a463.tar,730,198922240,45a9543d0a0056709829310d332cf1a04f711fae5562208fd4e91f33422535f7,REMOTE_PATH_AND_SIZE_MATCH,MIGRATED_PUBLIC,2026-08-11
scans/volumes/fhg4-mueller,Zual/TLG_libre_scans,webdataset/volumes--fhg4-mueller--c2c4aac351d9.tar,876,794449920,cf213fe076b3a333fdaa0fb63c75513afdabcccb82c85212d988ff224ba31963,REMOTE_PATH_AND_SIZE_MATCH,MIGRATED_PUBLIC,2026-08-11
scans/volumes/franz-scriptores-physiognomoniae-1780,Zual/TLG_libre_scans,webdataset/volumes--franz-scriptores-physiognomoniae-1780--be8676094103.tar,8,4925440,abdc995d81f772418da8be090e5342682515d95d4e8754e93764887a900e6b6b,REMOTE_PATH_AND_SIZE_MATCH,MIGRATED_PUBLIC,2026-08-11
scans/volumes/galen-kuhn-v10-1825,Zual/TLG_libre_scans,webdataset/volumes--galen-kuhn-v10-1825--c0c5f8092c32.tar,1026,492677120,84b87c6f2348b77a320e1c2560eff6c3c6cca2be85094215201004ca5344c0a9,REMOTE_PATH_AND_SIZE_MATCH,MIGRATED_PUBLIC,2026-08-11
scans/volumes/galen-kuhn-v11-1826,Zual/TLG_libre_scans,webdataset/volumes--galen-kuhn-v11-1826--9a9bc585bd1d.tar,898,519260160,10144fd38e23b42c8ef89b0b720bf964b5e908471057971118e97f1476c09f3b,REMOTE_PATH_AND_SIZE_MATCH,MIGRATED_PUBLIC,2026-08-11
scans/volumes/galen-kuhn-v12-1826,Zual/TLG_libre_scans,webdataset/volumes--galen-kuhn-v12-1826--0b88dac1a285.tar,1012,550696960,f07a6df9257db9f1498594961d9cdf8345804019fde617d62ee3c2b3d54896c4,REMOTE_PATH_AND_SIZE_MATCH,MIGRATED_PUBLIC,2026-08-11
scans/volumes/galen-kuhn-v13-1827,Zual/TLG_libre_scans,webdataset/volumes--galen-kuhn-v13-1827--9401e424016c.tar,1062,628828160,fa1b8995590d87cae4c2573e273a332cab84310721ed215fb48ec1b64387cc8e,REMOTE_PATH_AND_SIZE_MATCH,MIGRATED_PUBLIC,2026-08-11
scans/volumes/galen-kuhn-v14-1827,Zual/TLG_libre_scans,webdataset/volumes--galen-kuhn-v14-1827--7081c9909774.tar,801,466964480,8910452f2a41df917b83596977b2110371cb1aad72a32d3b26e19db0984761e0,REMOTE_PATH_AND_SIZE_MATCH,MIGRATED_PUBLIC,2026-08-11
scans/volumes/galen-kuhn-v18a-1829,Zual/TLG_libre_scans,webdataset/volumes--galen-kuhn-v18a-1829--9dc7fcea0342.tar,844,459939840,fff91576113704df57dbe013801dea012dc3518e0a2f93e2e1f2b4a43229902b,REMOTE_PATH_AND_SIZE_MATCH,MIGRATED_PUBLIC,2026-08-11
scans/volumes/galen-kuhn-v19-1830,Zual/TLG_libre_scans,webdataset/volumes--galen-kuhn-v19-1830--15fc768bfa4f.tar,791,459591680,45adc3a7e4d4b74d010986529b056f5c5570ef3fed09309747ebe7a2b0ac72e4,REMOTE_PATH_AND_SIZE_MATCH,MIGRATED_PUBLIC,2026-08-11
scans/volumes/galen-kuhn-v2-1821,Zual/TLG_libre_scans,webdataset/volumes--galen-kuhn-v2-1821--efbc784c5fac.tar,913,446494720,686073262c5105bb400a262ee79231992b09a611aa61cb5707a926261465e30e,REMOTE_PATH_AND_SIZE_MATCH,MIGRATED_PUBLIC,2026-08-11
scans/volumes/galen-kuhn-v4-1822,Zual/TLG_libre_scans,webdataset/volumes--galen-kuhn-v4-1822--2322e711bc1b.tar,827,320266240,21d14a6fd41b5a171edd406903347db483ce654ce5757aa18b02b8a4028c937b,REMOTE_PATH_AND_SIZE_MATCH,MIGRATED_PUBLIC,2026-08-11
scans/volumes/galen-kuhn-v5-1823,Zual/TLG_libre_scans,webdataset/volumes--galen-kuhn-v5-1823--d36e594aef2f.tar,919,316436480,35679d93e1b292747d26fea452e3c346fb99fb107c069a1b6407cc8a606cec80,REMOTE_PATH_AND_SIZE_MATCH,MIGRATED_PUBLIC,2026-08-11
scans/volumes/galen-kuhn-v6-1823,Zual/TLG_libre_scans,webdataset/volumes--galen-kuhn-v6-1823--f9f813d84fa4.tar,889,390420480,1fc27b284d6f4bf7c5798bbe1ee64eaa86833c8ef8aeea99a03f08332561235e,REMOTE_PATH_AND_SIZE_MATCH,MIGRATED_PUBLIC,2026-08-11
scans/volumes/galen-kuhn-v7-1824,Zual/TLG_libre_scans,webdataset/volumes--galen-kuhn-v7-1824--d6a863756855.tar,965,486010880,e8fb3c9dcc5134d28738703e069d553918c072eb75d2b15f799fe9e67d763a36,REMOTE_PATH_AND_SIZE_MATCH,MIGRATED_PUBLIC,2026-08-11
scans/volumes/galen-kuhn-v8-1824,Zual/TLG_libre_scans,webdataset/volumes--galen-kuhn-v8-1824--4892a12c5db2.tar,967,384798720,f7b917e74f24ba22ed081de4761004a54e664f3ad7577067946e0e965e337841,REMOTE_PATH_AND_SIZE_MATCH,MIGRATED_PUBLIC,2026-08-11
scans/volumes/galen-kuhn-v9-1825,Zual/TLG_libre_scans,webdataset/volumes--galen-kuhn-v9-1825--554c04caa9c0.tar,951,458158080,aaeee6b1d62bb3e88e766abf9e49a89c85588dd657009721e5bf477a93eb8cdd,REMOTE_PATH_AND_SIZE_MATCH,MIGRATED_PUBLIC,2026-08-11
scans/volumes/hephaestion-consbruch-1906,Zual/TLG_libre_scans,webdataset/volumes--hephaestion-consbruch-1906--e7b5d4dd11a9.tar,472,137973760,d90a03b8532711dfa5be813cfa006e0c4a3a9cb5369c606629e618abcaa966c0,REMOTE_PATH_AND_SIZE_MATCH,MIGRATED_PUBLIC,2026-08-11
scans/volumes/hercher-epistolographi-1873,Zual/TLG_libre_scans,webdataset/volumes--hercher-epistolographi-1873--a9dd86c05bc9.tar,948,1162987520,c8b02a240537db366b38d1c78011f48b94b1a05384660d88d07a9214f1145000,REMOTE_PATH_AND_SIZE_MATCH,MIGRATED_PUBLIC,2026-08-11
scans/volumes/ideler-biusante-physici-medici-v2-1842,Zual/TLG_libre_scans,webdataset/volumes--ideler-biusante-physici-medici-v2-1842--2aa3fda8cb58.tar,472,339333120,2725d1e7a65da0d81f10956306aba360de97b5ab6f1dd94b3aa0def67ae4b7ea,REMOTE_PATH_AND_SIZE_MATCH,MIGRATED_PUBLIC,2026-08-11
scans/volumes/ideler-physici-medici-graeci-minores-1841-1842/vol1,Zual/TLG_libre_scans,webdataset/volumes--ideler-physici-medici-graeci-minores-1841-1842--vol1--efa28d0c5e82.tar,456,363212800,8697ef6300d1df755a1fcc967bc33fa3e34b52fc74e53bf8b5003c04eda8b98b,REMOTE_PATH_AND_SIZE_MATCH,MIGRATED_PUBLIC,2026-08-11
scans/volumes/ideler-physici-medici-graeci-minores-1841-1842/vol2,Zual/TLG_libre_scans,webdataset/volumes--ideler-physici-medici-graeci-minores-1841-1842--vol2--6d7d40420d96.tar,480,384808960,4e3e8360d19f75cc43ead1d4725fcd1190a69ee26d2395f72e1c009b306a8a53,REMOTE_PATH_AND_SIZE_MATCH,MIGRATED_PUBLIC,2026-08-11
scans/volumes/ideler-physici-medici-v1-1841,Zual/TLG_libre_scans,webdataset/volumes--ideler-physici-medici-v1-1841--31c139c594d8.tar,456,363212800,8697ef6300d1df755a1fcc967bc33fa3e34b52fc74e53bf8b5003c04eda8b98b,REMOTE_PATH_AND_SIZE_MATCH,MIGRATED_PUBLIC,2026-08-11
scans/volumes/ideler-physici-medici-v2-1842,Zual/TLG_libre_scans,webdataset/volumes--ideler-physici-medici-v2-1842--6d4321b03fa6.tar,480,384819200,4e3e8360d19f75cc43ead1d4725fcd1190a69ee26d2395f72e1c009b306a8a53,REMOTE_PATH_AND_SIZE_MATCH,MIGRATED_PUBLIC,2026-08-11
scans/volumes/kock-caf2-1884,Zual/TLG_libre_scans,webdataset/volumes--kock-caf2-1884--a17896f25039.tar,600,394188800,b178bac088caae11ea35efa0a555c3c16ab7abe63f27948d4b097c63a83ee422,REMOTE_PATH_AND_SIZE_MATCH,MIGRATED_PUBLIC,2026-08-11
scans/volumes/kock-caf3-1888,Zual/TLG_libre_scans,webdataset/volumes--kock-caf3-1888--eb18be6a710d.tar,784,376586240,e9a965072ee9f0a563ce33fb517ba03fee31da1a472b17cd48edd5b31bc0ffb4,REMOTE_PATH_AND_SIZE_MATCH,MIGRATED_PUBLIC,2026-08-11
scans/volumes/meineke-fcg4-1841,Zual/TLG_libre_scans,webdataset/volumes--meineke-fcg4-1841--a53d12b7427c.tar,908,474368000,afd8955cb74b4d1d1e9c171c02adce88ba2c20d96ce8c0e84ece339ca0447da9,REMOTE_PATH_AND_SIZE_MATCH,MIGRATED_PUBLIC,2026-08-11
scans/volumes/pg10-gregory-thaumaturgus,Zual/TLG_libre_scans,scans/volumes/pg10-gregory-thaumaturgus/pg10-original-image-only.pdf,826,97803048,e9b636cdcc32147f1183adca1035ad4bbac698bcc41c97d140c3853ce467e7fe,REMOTE_PATH_SIZE_AND_SHA256_MATCH,MIGRATED_PUBLIC,2026-08-11
scans/volumes/pg100-nicephorus,Zual/TLG_libre_scans,scans/volumes/pg100-nicephorus/pg100-original-image-only.pdf,830,103339509,d9c11c1a760292bc4e660795a01afb5b0b9086e4af8377e4e2717004dc167620,REMOTE_PATH_SIZE_AND_SHA256_MATCH,MIGRATED_PUBLIC,2026-08-11
scans/volumes/pg105-nicetas-paphlagon,Zual/TLG_libre_scans,scans/volumes/pg105-nicetas-paphlagon/pg105-original-image-only.pdf,716,54130720,b9ec3a6fdafbd80bf9280e48113d597e394e807ef40d32bcac7aea8dd4247939,REMOTE_PATH_SIZE_AND_SHA256_MATCH,MIGRATED_PUBLIC,2026-08-11
scans/volumes/pg114-symeon-metaphrastes,Zual/TLG_libre_scans,scans/volumes/pg114-symeon-metaphrastes/pg114-original-image-only.pdf,768,90347679,f926b79c3a89a18aed1e4a1018dac8f6c889d800e5fa7e150ffdeebf4cc7aa80,REMOTE_PATH_SIZE_AND_SHA256_MATCH,MIGRATED_PUBLIC,2026-08-11
scans/volumes/pg115-symeon-metaphrastes,Zual/TLG_libre_scans,scans/volumes/pg115-symeon-metaphrastes/pg115-original-image-only.pdf,710,73776180,ae77a932ac777bd603603f77fc78a3f3893bad388e1210b0cb12d543ba817847,REMOTE_PATH_SIZE_AND_SHA256_MATCH,MIGRATED_PUBLIC,2026-08-11
scans/volumes/pg116-symeon-metaphrastes,Zual/TLG_libre_scans,scans/volumes/pg116-symeon-metaphrastes/pg116-original-image-only.pdf,747,94479951,a882cfe49c0bd9e23d698ba6073511746f5984303f3ed5787b760b731c62f595,REMOTE_PATH_SIZE_AND_SHA256_MATCH,MIGRATED_PUBLIC,2026-08-11
scans/volumes/pg120-byzantine,Zual/TLG_libre_scans,scans/volumes/pg120-byzantine/pg120-original-image-only.pdf,724,84702330,7c9d7e5828af3e5a5414e595390eaf80ff0bc8e6ba7810b1e910794981c1bdee,REMOTE_PATH_SIZE_AND_SHA256_MATCH,MIGRATED_PUBLIC,2026-08-11
scans/volumes/pg145-thomas-magister/pages-112-216,Zual/TLG_libre_scans,webdataset/volumes--pg145-thomas-magister--pages-112-216--18fa4ddb72f3.tar,105,81264640,351a7d30812d5af91d41aa591b86d5e0074b547c34141505d7737285f76f3e4f,REMOTE_PATH_AND_SIZE_MATCH,MIGRATED_PUBLIC,2026-08-11
scans/volumes/pg145-thomas-magister/pages-219-227,Zual/TLG_libre_scans,webdataset/volumes--pg145-thomas-magister--pages-219-227--db3254710c29.tar,9,6533120,fe52aa467ba2a1a6b6455e8a5ca171eaf07dffc7ef014d30b676eaf3024ed944,REMOTE_PATH_AND_SIZE_MATCH,MIGRATED_PUBLIC,2026-08-11
scans/volumes/pg145-thomas-magister/pages-252-278,Zual/TLG_libre_scans,webdataset/volumes--pg145-thomas-magister--pages-252-278--e90c32208c4b.tar,27,18708480,37f3c93abfe5850b4bbdfb6154ec2587623604d3dfbe27f071b9642e6432895f,REMOTE_PATH_AND_SIZE_MATCH,MIGRATED_PUBLIC,2026-08-11
scans/volumes/pg26-athanasius,Zual/TLG_libre_scans,scans/volumes/pg26-athanasius/pg26-original-image-only.pdf,785,94774657,fb5b12164f77ad1e5296784d1e5e13ffb57b495007c8729e231926fac4a6c4a2,REMOTE_PATH_SIZE_AND_SHA256_MATCH,MIGRATED_PUBLIC,2026-08-11
scans/volumes/pg28-athanasius-spuria,Zual/TLG_libre_scans,scans/volumes/pg28-athanasius-spuria/pg28-original-image-only.pdf,842,97254718,07e4f263a7aa3e88fee398c0115b37c3c758b328037f53d4b3e8cadf60dbeffb,REMOTE_PATH_SIZE_AND_SHA256_MATCH,MIGRATED_PUBLIC,2026-08-11
scans/volumes/pg29-basilius,Zual/TLG_libre_scans,scans/volumes/pg29-basilius/pg29-original-image-only.pdf,809,95465952,53d21bafdbf3a6f308badaa384d06e12940541f8809276721631cddb1e645be4,REMOTE_PATH_SIZE_AND_SHA256_MATCH,MIGRATED_PUBLIC,2026-08-11
scans/volumes/pg31-basilius,Zual/TLG_libre_scans,scans/volumes/pg31-basilius/pg31-original-image-only.pdf,942,110555071,242016fdd9ed3b735959d7066c195b529179de4b4a17b325a1b17963d8bad992,REMOTE_PATH_SIZE_AND_SHA256_MATCH,MIGRATED_PUBLIC,2026-08-11
scans/volumes/pg35-gregory-nazianzen,Zual/TLG_libre_scans,scans/volumes/pg35-gregory-nazianzen/pg35-original-image-only.pdf,660,77617616,5c8d9bebe21052aa89c31e095ac3f280891345050ed44c039612ee522f88140d,REMOTE_PATH_SIZE_AND_SHA256_MATCH,MIGRATED_PUBLIC,2026-08-11
scans/volumes/pg36-gregory-nazianzen,Zual/TLG_libre_scans,scans/volumes/pg36-gregory-nazianzen/pg36-original-image-only.pdf,722,90293047,b6186bc9089493f6eaae8b5165835ae70f2cd7b137a2809b5762c43c49b8689f,REMOTE_PATH_SIZE_AND_SHA256_MATCH,MIGRATED_PUBLIC,2026-08-11
scans/volumes/pg37-gregory-nazianzen,Zual/TLG_libre_scans,scans/volumes/pg37-gregory-nazianzen/pg37-original-image-only.pdf,974,100503252,7ad53d25e9fd8b15218267c90d452e42dec881eb23f2802a92db8f74037eb7d1,REMOTE_PATH_SIZE_AND_SHA256_MATCH,MIGRATED_PUBLIC,2026-08-11
scans/volumes/pg38-gregory-nazianzen,Zual/TLG_libre_scans,scans/volumes/pg38-gregory-nazianzen/pg38-original-image-only.pdf,748,91939388,92303c0230eb0c7855240d51d4a47f6f1870f3aa0983e6c6d93554c76e070750,REMOTE_PATH_SIZE_AND_SHA256_MATCH,MIGRATED_PUBLIC,2026-08-12
scans/volumes/pg39-didymus-amphilochius,Zual/TLG_libre_scans,scans/volumes/pg39-didymus-amphilochius/pg39-original-image-only.pdf,988,120528115,39dd6f65292213f3bbede37f4f7f754edee2b9eb8dd9c1dfdfaad25a932de521,REMOTE_PATH_SIZE_AND_SHA256_MATCH,MIGRATED_PUBLIC,2026-08-11
scans/volumes/pg44-gregory-nyssa,Zual/TLG_libre_scans,scans/volumes/pg44-gregory-nyssa/pg44-original-image-only.pdf,718,66785445,98eb82ef45c2fcddb2342028cb1baf42585a1ac56651c86c274752a7321e1ba5,REMOTE_PATH_SIZE_AND_SHA256_MATCH,MIGRATED_PUBLIC,2026-08-12
scans/volumes/pg45-gregory-nyssa,Zual/TLG_libre_scans,scans/volumes/pg45-gregory-nyssa/pg45-original-image-only.pdf,696,85176089,d320e836f92be020a56521a15c2d0ad37e4bdc1516820e3c651d5e2340f98a9d,REMOTE_PATH_SIZE_AND_SHA256_MATCH,MIGRATED_PUBLIC,2026-08-12
scans/volumes/pg46-gregory-nyssa-1857,Zual/TLG_libre_scans,webdataset/volumes--pg46-gregory-nyssa-1857--2b3ae17fbaa0.tar,660,310456320,67e38fdcda8ac6d35d2a0415cc94d9a42af980558b6e968b077dc06f3291485d,REMOTE_PATH_AND_SIZE_MATCH,MIGRATED_PUBLIC,2026-08-11
scans/volumes/pg51-chrysostom,Zual/TLG_libre_scans,scans/volumes/pg51-chrysostom/pg51-original-image-only.pdf,388,46102582,1ccb67f650d98aea281707cc512712a73a63a7d87a87ae78fead390f379859cb,REMOTE_PATH_SIZE_AND_SHA256_MATCH,MIGRATED_PUBLIC,2026-08-11
scans/volumes/pg52-chrysostom,Zual/TLG_libre_scans,scans/volumes/pg52-chrysostom/pg52-original-image-only.pdf,476,56820963,280e49dc265b516f14e25592fdd7bb6bedfff0be1f373e5efceb6976a849e2bf,REMOTE_PATH_SIZE_AND_SHA256_MATCH,MIGRATED_PUBLIC,2026-08-11
scans/volumes/pg55-chrysostom,Zual/TLG_libre_scans,scans/volumes/pg55-chrysostom/pg55-original-image-only.pdf,785,109728339,8ddb6740a89d3b1af464fcce9ad047a26ff3d46290effa2c1485f9a7cbd85398,REMOTE_PATH_SIZE_AND_SHA256_MATCH,MIGRATED_PUBLIC,2026-08-11
scans/volumes/pg56-chrysostom-severianus,Zual/TLG_libre_scans,scans/volumes/pg56-chrysostom-severianus/pg56-original-image-only.pdf,780,110584461,85c078d90dae3bea995aca228c54a5e43d978dc2304633f3d14810c7a4b8c0e8,REMOTE_PATH_SIZE_AND_SHA256_MATCH,MIGRATED_PUBLIC,2026-08-11
scans/volumes/pg59-chrysostom-spuria,Zual/TLG_libre_scans,scans/volumes/pg59-chrysostom-spuria/pg59-original-image-only.pdf,773,106680790,70d9042f58bcc76b3c272b02757285eede0d3b553460a54161d464272226733d,REMOTE_PATH_SIZE_AND_SHA256_MATCH,MIGRATED_PUBLIC,2026-08-11
scans/volumes/pg60-chrysostom,Zual/TLG_libre_scans,scans/volumes/pg60-chrysostom/pg60-original-image-only.pdf,787,102185610,40110e19bb80cd23af00bec4b1c971566eb32ca6ea13cfe52df8fe004e3daf37,REMOTE_PATH_SIZE_AND_SHA256_MATCH,MIGRATED_PUBLIC,2026-08-11
scans/volumes/pg61-chrysostom,Zual/TLG_libre_scans,scans/volumes/pg61-chrysostom/pg61-original-image-only.pdf,810,107095035,6f903228a603a62758eaabed24f63e9f533ddf4ff659b0840e8bfb5031e5a090,REMOTE_PATH_SIZE_AND_SHA256_MATCH,MIGRATED_PUBLIC,2026-08-11
scans/volumes/pg62-chrysostom,Zual/TLG_libre_scans,scans/volumes/pg62-chrysostom/pg62-original-image-only.pdf,814,107694134,96981936718bf2a9f4f5a83a9fb788df2a6a239bbfcf841b05c6501215dc2e6a,REMOTE_PATH_SIZE_AND_SHA256_MATCH,MIGRATED_PUBLIC,2026-08-11
scans/volumes/pg63-chrysostom,Zual/TLG_libre_scans,scans/volumes/pg63-chrysostom/pg63-original-image-only.pdf,841,109395171,0c0b614389eff8799b36f3de023253fba9f48eacd9b5fb8f40da59855d1b157a,REMOTE_PATH_SIZE_AND_SHA256_MATCH,MIGRATED_PUBLIC,2026-08-11
scans/volumes/pg64-chrysostom,Zual/TLG_libre_scans,scans/volumes/pg64-chrysostom/pg64-original-image-only.pdf,776,94500422,c07270bcbb7f2a1c7a0d25a221c6f9800d6b08d147295529798c554aa6fafee8,REMOTE_PATH_SIZE_AND_SHA256_MATCH,MIGRATED_PUBLIC,2026-08-11
scans/volumes/pg65-proclus-apophthegmata,Zual/TLG_libre_scans,scans/volumes/pg65-proclus-apophthegmata/pg65-original-image-only.pdf,690,81392703,ab7c89101fd3ea12066ae462a8f90f852be3a36275599b81b70e251a64bee589,REMOTE_PATH_SIZE_AND_SHA256_MATCH,MIGRATED_PUBLIC,2026-08-11
scans/volumes/pg77-cyril-alexandria,Zual/TLG_libre_scans,scans/volumes/pg77-cyril-alexandria/pg77-original-image-only.pdf,822,101113771,f93b65fcf355feb9db89d3dfb469b49badb8bfeddb9adeaf68145ea289f3611c,REMOTE_PATH_SIZE_AND_SHA256_MATCH,MIGRATED_PUBLIC,2026-08-11
scans/volumes/pg79-nilus-evagrius/4110-016,Zual/TLG_libre_scans,webdataset/volumes--pg79-nilus-evagrius--4110-016--8ba4d8d5d0f6.tar,2,1044480,76fc2bef24cc6b7eaac54f8d36011236f30c664b564211cadefb16434839d261,REMOTE_PATH_AND_SIZE_MATCH,MIGRATED_PUBLIC,2026-08-11
scans/volumes/pg79-nilus-evagrius/4110-020-024,Zual/TLG_libre_scans,webdataset/volumes--pg79-nilus-evagrius--4110-020-024--bfc9723e9c36.tar,54,36546560,3ece6151203c99f9ce1b2c774cf832a2025e835c91a20b6e12aeec555cb07bd7,REMOTE_PATH_AND_SIZE_MATCH,MIGRATED_PUBLIC,2026-08-11
scans/volumes/pg79-nilus-evagrius/4110-025,Zual/TLG_libre_scans,webdataset/volumes--pg79-nilus-evagrius--4110-025--b518c8bdb0f3.tar,3,1628160,d89a7eb19df409809ccf10b97d15e2a01e50e5849fb9decf3db165bbea2212ad,REMOTE_PATH_AND_SIZE_MATCH,MIGRATED_PUBLIC,2026-08-11
scans/volumes/pg79-nilus-evagrius/4118-004,Zual/TLG_libre_scans,webdataset/volumes--pg79-nilus-evagrius--4118-004--83cd8416d334.tar,259,186470400,91cd5475ba4567b45b037c09df0964b81baa3431d2002346d9ceea29c5b3be3c,REMOTE_PATH_AND_SIZE_MATCH,MIGRATED_PUBLIC,2026-08-11
scans/volumes/pg85-basil-seleucia/pages-014-237,Zual/TLG_libre_scans,webdataset/volumes--pg85-basil-seleucia--pages-014-237--ed471407632e.tar,224,168765440,8c380fb9dbffe623522bf8c4308e112fcca38f258e1f3390d373b59649218f94,REMOTE_PATH_AND_SIZE_MATCH,MIGRATED_PUBLIC,2026-08-11
scans/volumes/pg85-basil-seleucia/pages-681-682,Zual/TLG_libre_scans,webdataset/volumes--pg85-basil-seleucia--pages-681-682--482cf3ad2e04.tar,2,1269760,a7d1de898c33956bf7eeb3aeb7c582dde3541dc11610c2a7000f8f9c74cb3005,REMOTE_PATH_AND_SIZE_MATCH,MIGRATED_PUBLIC,2026-08-11
scans/volumes/pg85-basil-seleucia/pages-691-696,Zual/TLG_libre_scans,webdataset/volumes--pg85-basil-seleucia--pages-691-696--3d472cdeed67.tar,6,4085760,31b053aea619c17bad41f6dd1f54e34a5e7b1dfe76164d37625b6f79b6e882f8,REMOTE_PATH_AND_SIZE_MATCH,MIGRATED_PUBLIC,2026-08-11
scans/volumes/pg85-basil-seleucia/pages-760-803,Zual/TLG_libre_scans,webdataset/volumes--pg85-basil-seleucia--pages-760-803--4bd2892ce5b1.tar,44,30238720,bccc7c12dff924933faab5687e5a5266a7ea1dc9a45eb6e1f4550d39e1e1a28e,REMOTE_PATH_AND_SIZE_MATCH,MIGRATED_PUBLIC,2026-08-11
scans/volumes/pg85-basil-seleucia/pages-915-916,Zual/TLG_libre_scans,webdataset/volumes--pg85-basil-seleucia--pages-915-916--13d3e81f57ef.tar,2,1392640,404a637d161d1a9694cb9dd2ac472f2de28350c556cfe9c512c4437057decec8,REMOTE_PATH_AND_SIZE_MATCH,MIGRATED_PUBLIC,2026-08-11
scans/volumes/pg85-basil-seleucia/pages-938-948,Zual/TLG_libre_scans,webdataset/volumes--pg85-basil-seleucia--pages-938-948--6f17a6d8a162.tar,11,8509440,8f21ee39fff3418eacc2162fb10840dd729931d88b946773f90672f4475496d0,REMOTE_PATH_AND_SIZE_MATCH,MIGRATED_PUBLIC,2026-08-11
scans/volumes/pg88-byzantine/pages-1000-1006,Zual/TLG_libre_scans,webdataset/volumes--pg88-byzantine--pages-1000-1006--72c6c4a5183b.tar,7,5304320,b51483b5a068571a1df74aff54504f2b57063474da1c4cf69f69857558830306,REMOTE_PATH_AND_SIZE_MATCH,MIGRATED_PUBLIC,2026-08-11
scans/volumes/pg88-byzantine/pages-1009-1061,Zual/TLG_libre_scans,webdataset/volumes--pg88-byzantine--pages-1009-1061--65cd15920a90.tar,53,41850880,d9515a0712af34845bdff9b23fc6741f4e7adadba1e69b9d4e012dc9619c712d,REMOTE_PATH_AND_SIZE_MATCH,MIGRATED_PUBLIC,2026-08-11
scans/volumes/pg88-byzantine/pages-244-268,Zual/TLG_libre_scans,webdataset/volumes--pg88-byzantine--pages-244-268--763cfb3d949f.tar,25,19773440,513c2b35009e3604913f3cadb5fe1cc7dd624b691f9cc45e49fb89de3fccf551,REMOTE_PATH_AND_SIZE_MATCH,MIGRATED_PUBLIC,2026-08-11
scans/volumes/pg88-byzantine/pages-302-308,Zual/TLG_libre_scans,webdataset/volumes--pg88-byzantine--pages-302-308--58130c30dfb7.tar,7,5632000,86ea74f111b8a1cea7dff30edae0dd12a78cdde1ab9dada286b461732f4e97fc,REMOTE_PATH_AND_SIZE_MATCH,MIGRATED_PUBLIC,2026-08-11
scans/volumes/pg88-byzantine/pages-320-595,Zual/TLG_libre_scans,webdataset/volumes--pg88-byzantine--pages-320-595--1f3d2f453c93.tar,276,196433920,352141f3a5b03507a0038a42567fde7d9d2334771c417fb94338471188558a0c,REMOTE_PATH_AND_SIZE_MATCH,MIGRATED_PUBLIC,2026-08-11
scans/volumes/pg88-byzantine/pages-597-619,Zual/TLG_libre_scans,webdataset/volumes--pg88-byzantine--pages-597-619--103913d60663.tar,23,15667200,be6f54256901d99dbfe0c6a8a9f6fe48a2fe6acf19362008493e46778dc484b6,REMOTE_PATH_AND_SIZE_MATCH,MIGRATED_PUBLIC,2026-08-11
scans/volumes/pg88-byzantine/pages-984-997,Zual/TLG_libre_scans,webdataset/volumes--pg88-byzantine--pages-984-997--def880a96877.tar,14,10833920,b9b3c1fc2d990698b7c8b935e95aadf19d2d5ce9c301201e18b9c6c036608daa,REMOTE_PATH_AND_SIZE_MATCH,MIGRATED_PUBLIC,2026-08-11
scans/volumes/pg89-anastasius-sinaita/pages-310-311,Zual/TLG_libre_scans,webdataset/volumes--pg89-anastasius-sinaita--pages-310-311--cec1be123942.tar,2,1413120,cac37ab7b6d6bae2b00a643d80b2fe255138f8197def2159a1d962f9cff37715,REMOTE_PATH_AND_SIZE_MATCH,MIGRATED_PUBLIC,2026-08-11
scans/volumes/pg89-anastasius-sinaita/pages-315-315,Zual/TLG_libre_scans,webdataset/volumes--pg89-anastasius-sinaita--pages-315-315--e1d538e14956.tar,1,737280,317ccbc6c6e0b3adad65f4f277518a26bbbf40ed875bdd2edf4cd433b822da77,REMOTE_PATH_AND_SIZE_MATCH,MIGRATED_PUBLIC,2026-08-11
scans/volumes/pg89-anastasius-sinaita/pages-615-615,Zual/TLG_libre_scans,webdataset/volumes--pg89-anastasius-sinaita--pages-615-615--252ad0769a2e.tar,1,747520,1ab7eaf1a8bbe3c546b2107dd152132058536726b88a594de083ca8cf12cfd15,REMOTE_PATH_AND_SIZE_MATCH,MIGRATED_PUBLIC,2026-08-11
scans/volumes/pg89-anastasius-sinaita/pages-622-661,Zual/TLG_libre_scans,webdataset/volumes--pg89-anastasius-sinaita--pages-622-661--f327befb1fdb.tar,40,29921280,2635f8309b6c3aaabc16891192d017a140ec95e9a3d71c7aa041b3ffda971853,REMOTE_PATH_AND_SIZE_MATCH,MIGRATED_PUBLIC,2026-08-11
scans/volumes/pg89-anastasius-sinaita/pages-701-719,Zual/TLG_libre_scans,webdataset/volumes--pg89-anastasius-sinaita--pages-701-719--9c7d572f536f.tar,19,14213120,12bd2d74f75f220b4188add3aab32dd27db91df4efb64d40b89770a29457d882,REMOTE_PATH_AND_SIZE_MATCH,MIGRATED_PUBLIC,2026-08-11
scans/volumes/pg89-anastasius-sinaita/pages-731-948,Zual/TLG_libre_scans,webdataset/volumes--pg89-anastasius-sinaita--pages-731-948--e4ed197fb498.tar,218,164710400,a96d133135f8930221e6c3c31e50b4ec90226df02dcac219fc722da7aa82f4f7,REMOTE_PATH_AND_SIZE_MATCH,MIGRATED_PUBLIC,2026-08-11
scans/volumes/pg90-maximus,Zual/TLG_libre_scans,scans/volumes/pg90-maximus/pg90-original-image-only.pdf,757,101154494,c11141ce78ac3ffc04073a8cc27d83ff17fb0c3ac522c222bf5d4eeba2c9290c,REMOTE_PATH_SIZE_AND_SHA256_MATCH,MIGRATED_PUBLIC,2026-08-11
scans/volumes/pg91-maximus-thalassius,Zual/TLG_libre_scans,scans/volumes/pg91-maximus-thalassius/pg91-original-image-only.pdf,818,98227411,bbc2e41f37c926e5719cf54e0930d9fa6bfa51cecee59b9e367ee500104fdfa7,REMOTE_PATH_SIZE_AND_SHA256_MATCH,MIGRATED_PUBLIC,2026-08-11
scans/volumes/pg93-hesychius,Zual/TLG_libre_scans,scans/volumes/pg93-hesychius/pg93-original-image-only.pdf,915,111047486,34920386a8cff8ef5e89500afdc05863ccec96e8bb837e7d4afc40be79b36828,REMOTE_PATH_SIZE_AND_SHA256_MATCH,MIGRATED_PUBLIC,2026-08-11
scans/volumes/pg95-john-damascene,Zual/TLG_libre_scans,scans/volumes/pg95-john-damascene/pg95-original-image-only.pdf,834,88078720,7011ed3df79c46b3dfd44f2ed9cd4fa3caf7532860821fc7df20a335e2d0ed30,REMOTE_PATH_SIZE_AND_SHA256_MATCH,MIGRATED_PUBLIC,2026-08-11
scans/volumes/pg96-john-damascene,Zual/TLG_libre_scans,scans/volumes/pg96-john-damascene/pg96-original-image-only.pdf,908,111178601,4d13ddae7f94e90f8aac6fed58ab5295acfdc46e04a26fbd6a49efa105bc5285,REMOTE_PATH_SIZE_AND_SHA256_MATCH,MIGRATED_PUBLIC,2026-08-11
scans/volumes/pg98-germanus-tarasius,Zual/TLG_libre_scans,scans/volumes/pg98-germanus-tarasius/pg98-original-image-only.pdf,832,103744495,4d8c8c698fb095a7dbf60ad25dc3a7863a281490074bc9140b3bbfd3a8d91b3c,REMOTE_PATH_SIZE_AND_SHA256_MATCH,MIGRATED_PUBLIC,2026-08-11
scans/volumes/pg99-theodore-studite,Zual/TLG_libre_scans,scans/volumes/pg99-theodore-studite/pg99-original-image-only.pdf,960,98674895,486a9f407e7df0ec41b68733f2fd5493faf214cc8dd76f60faa61b3b2655c9e9,REMOTE_PATH_SIZE_AND_SHA256_MATCH,MIGRATED_PUBLIC,2026-08-11
scans/volumes/philes-carmina-v1-1855,Zual/TLG_libre_scans,webdataset/volumes--philes-carmina-v1-1855--b09c98002752.tar,484,123668480,0603086322d6f9618e1de40c5847d59d81b51e20561f0a4836eff37a778cc1ae,REMOTE_PATH_AND_SIZE_MATCH,MIGRATED_PUBLIC,2026-08-11
scans/volumes/philes-carmina-v2-1857,Zual/TLG_libre_scans,webdataset/volumes--philes-carmina-v2-1857--8525817768ce.tar,550,151838720,726295f6bcf98bb585192832d76f91a20636054c68b37289fd9cca3fd5b1932e,REMOTE_PATH_AND_SIZE_MATCH,MIGRATED_PUBLIC,2026-08-11
scans/volumes/puschmann-alexander-1878/vol1,Zual/TLG_libre_scans,webdataset/volumes--puschmann-alexander-1878--vol1--c1e6fac554f6.tar,177,101191680,57f0d6acc051360e2a57ee5bf3387dd205740c8b870539be831cde81be636de5,REMOTE_PATH_AND_SIZE_MATCH,MIGRATED_PUBLIC,2026-08-11
scans/volumes/puschmann-alexander-1878/vol2,Zual/TLG_libre_scans,webdataset/volumes--puschmann-alexander-1878--vol2--c149e0515019.tar,583,292864000,fec99cfbeaeb9a4e5ab166fc50ef1a8960954920344e0a527db8def6ba5ad004,REMOTE_PATH_AND_SIZE_MATCH,MIGRATED_PUBLIC,2026-08-11
scans/volumes/schmidt-didymus-1854,Zual/TLG_libre_scans,webdataset/volumes--schmidt-didymus-1854--57d9d77816d6.tar,459,87787520,70c749362a3a1d08183b6cc412323adce8a5af54877d54c4cc427750f0bca892,REMOTE_PATH_AND_SIZE_MATCH,MIGRATED_PUBLIC,2026-08-11
scans/volumes/synaxarium-delehaye-1902/april-341-373,Zual/TLG_libre_scans,webdataset/volumes--synaxarium-delehaye-1902--april-341-373--82c4c25dd746.tar,33,19548160,1e12bb6a286a2434e5840ae4cd64d347e438199931487ace58c61c94be714bdb,REMOTE_PATH_AND_SIZE_MATCH,MIGRATED_PUBLIC,2026-08-11
scans/volumes/synaxarium-delehaye-1902/august-482-521,Zual/TLG_libre_scans,webdataset/volumes--synaxarium-delehaye-1902--august-482-521--ce308cc4906b.tar,40,24227840,dddafd4401bfdd6b0faaeeeef53bb9bce6cf909b9c7f23dda89724cb7e98b5e0,REMOTE_PATH_AND_SIZE_MATCH,MIGRATED_PUBLIC,2026-08-11
scans/volumes/synaxarium-delehaye-1902/december-187-233,Zual/TLG_libre_scans,webdataset/volumes--synaxarium-delehaye-1902--december-187-233--9a2ea13c753d.tar,47,28200960,06b6bb41c91fe7de3ee70cf10096b0c12a0b31889f53514216928dcd04b6c33a,REMOTE_PATH_AND_SIZE_MATCH,MIGRATED_PUBLIC,2026-08-11
scans/volumes/synaxarium-delehaye-1902/february-271-300,Zual/TLG_libre_scans,webdataset/volumes--synaxarium-delehaye-1902--february-271-300--63abf7acc99f.tar,30,17264640,96653e78496247081f2414b59ef5db380f711fb81f6c07acbb36bb7697e6c1d8,REMOTE_PATH_AND_SIZE_MATCH,MIGRATED_PUBLIC,2026-08-11
scans/volumes/synaxarium-delehaye-1902/january-234-270,Zual/TLG_libre_scans,webdataset/volumes--synaxarium-delehaye-1902--january-234-270--e8bc109ca818.tar,37,21616640,5613a2ce37e462c886779bf3e914aac294adb206c0e065e725584d2840c78b22,REMOTE_PATH_AND_SIZE_MATCH,MIGRATED_PUBLIC,2026-08-11
scans/volumes/synaxarium-delehaye-1902/july-448-481,Zual/TLG_libre_scans,webdataset/volumes--synaxarium-delehaye-1902--july-448-481--84a753ecdd9c.tar,34,20203520,b7ad5b1a79e013a1f276376f0c9a0ecbb67dd10e11dc0a57948415414a7f70f0,REMOTE_PATH_AND_SIZE_MATCH,MIGRATED_PUBLIC,2026-08-11
scans/volumes/synaxarium-delehaye-1902/june-413-447,Zual/TLG_libre_scans,webdataset/volumes--synaxarium-delehaye-1902--june-413-447--05581f05b72b.tar,35,20449280,99989431d3e02e35c21d0b7648ff1017da55cf595a1152ab2dc59b09468aa7e4,REMOTE_PATH_AND_SIZE_MATCH,MIGRATED_PUBLIC,2026-08-11
scans/volumes/synaxarium-delehaye-1902/march-301-340,Zual/TLG_libre_scans,webdataset/volumes--synaxarium-delehaye-1902--march-301-340--3ca9d43a7fba.tar,40,23398400,8bb0c6cd09f649056c189d3d235270668395a43251eb411549444e8a62d7be12,REMOTE_PATH_AND_SIZE_MATCH,MIGRATED_PUBLIC,2026-08-11
scans/volumes/synaxarium-delehaye-1902/may-375-412,Zual/TLG_libre_scans,webdataset/volumes--synaxarium-delehaye-1902--may-375-412--3eb0875e2856.tar,38,22231040,6d4d11ae85babe7c88e74df8ae0573012976ae22d3da4a70bd1553974cf6818a,REMOTE_PATH_AND_SIZE_MATCH,MIGRATED_PUBLIC,2026-08-11
scans/volumes/synaxarium-delehaye-1902/november-145-185,Zual/TLG_libre_scans,webdataset/volumes--synaxarium-delehaye-1902--november-145-185--7fbf1b3ecaf3.tar,41,25006080,b044ad24337d16d383e809b2fb7b820eeb295625ff57d2c7b1b2d5b65ece3ec5,REMOTE_PATH_AND_SIZE_MATCH,MIGRATED_PUBLIC,2026-08-11
scans/volumes/synaxarium-delehaye-1902/october-100-144,Zual/TLG_libre_scans,webdataset/volumes--synaxarium-delehaye-1902--october-100-144--9e531d8977b8.tar,45,27791360,eefb4f0ad62997c9850e58b96c50f906269c427e95a39b409fc1e4818370cbcf,REMOTE_PATH_AND_SIZE_MATCH,MIGRATED_PUBLIC,2026-08-11
scans/volumes/synaxarium-delehaye-1902/september-053-099,Zual/TLG_libre_scans,webdataset/volumes--synaxarium-delehaye-1902--september-053-099--5a0e89a24d14.tar,47,29726720,bf42cc7ddfcf68e98f0e29364275aefc701ee16170d7ae1c3ae532501eca9aef,REMOTE_PATH_AND_SIZE_MATCH,MIGRATED_PUBLIC,2026-08-11
scans/volumes/syntipas-jernstedt-1912,Zual/TLG_libre_scans,webdataset/volumes--syntipas-jernstedt-1912--5aa415ef10e0.tar,238,127897600,8863d924316e3594639d9eb20d02247a0c13309917d18ad7b83c0b6cf270a2fc,REMOTE_PATH_AND_SIZE_MATCH,MIGRATED_PUBLIC,2026-08-11
scans/volumes/muller-geographi-graeci-minores-v1-1855,Zual/TLG_libre_scans,webdataset/volumes--muller-geographi-graeci-minores-v1-1855--04768e34cb7e.tar,448,315248640,0c0575f8d909a49e3ea5e9b8688bdffc7a451c37e3eac568790b5a1cb0693a40,REMOTE_PATH_AND_SIZE_MATCH,MIGRATED_PUBLIC,2026-08-11
scans/volumes/oribasius-bussemaker-liber44-meges-1835,Zual/TLG_libre_scans,webdataset/volumes--oribasius-bussemaker-liber44-meges-1835--3e737d860e92.tar,5,3788800,fb1bb31b5a667c7555dfe5ac526de570c6c2bdc0ac218bdc50dc16ad013aa1a2,REMOTE_PATH_AND_SIZE_MATCH,MIGRATED_PUBLIC,2026-08-11
scans/tlg4171/tlg001/bussemaker-oppian-1849,Zual/TLG_libre_scans,webdataset/tlg4171--tlg001--bussemaker-oppian-1849--0035220cfa66.tar,6,5191680,2cdf1804c19450e3f0e45d3310c16b8648acef70098865095273635bca1493ad,REMOTE_PATH_AND_SIZE_MATCH,MIGRATED_PUBLIC,2026-08-11
scans/volumes/pg50-chrysostom,Zual/TLG_libre_scans,scans/volumes/pg50-chrysostom/pg50-targeted-pages-012-419.djvu,408,51480874,54108ec595f988422c22fcf68dbef6cdaf78230e05c5dd06849c5b8ba8997f7e,REMOTE_PATH_SIZE_AND_SHA256_MATCH,MIGRATED_PUBLIC,2026-08-11
scans/tlg2962/tlg005/pg18-cols512-517,Zual/TLG_libre_scans,scans/volumes/pg18-petrus-alexandrinus/pg18-targeted-pages-262-265.djvu,4,397065,d1f2ba5277860a5aa3dc85dcc144c98fffce980b24502d2905b84318638a3464,REMOTE_PATH_SIZE_AND_SHA256_MATCH,MIGRATED_PUBLIC,2026-08-11
scans/tlg5059/tlg002/walters-w521-fols25r-27v,Zual/TLG_libre_scans,webdataset/walters-w521-targeted-sap-jpeg.tar,6,28323840,2dcb385dd1c8e2372f796cb8620911d635deaade837428c300c4334776ae8082,REMOTE_PATH_SIZE_AND_SHA256_MATCH,MIGRATED_PUBLIC,2026-08-11
scans/tlg5059/tlg003/walters-w521-fols50v-56r,Zual/TLG_libre_scans,webdataset/walters-w521-targeted-sap-jpeg.tar,12,28323840,2dcb385dd1c8e2372f796cb8620911d635deaade837428c300c4334776ae8082,REMOTE_PATH_SIZE_AND_SHA256_MATCH,MIGRATED_PUBLIC,2026-08-11
scans/tlg5059/tlg004/walters-w521-fols92v-95v,Zual/TLG_libre_scans,webdataset/walters-w521-targeted-sap-jpeg.tar,7,28323840,2dcb385dd1c8e2372f796cb8620911d635deaade837428c300c4334776ae8082,REMOTE_PATH_SIZE_AND_SHA256_MATCH,MIGRATED_PUBLIC,2026-08-11
scans/tlg5059/tlg005/walters-w521-fols155v-158r,Zual/TLG_libre_scans,webdataset/walters-w521-targeted-sap-jpeg.tar,6,28323840,2dcb385dd1c8e2372f796cb8620911d635deaade837428c300c4334776ae8082,REMOTE_PATH_SIZE_AND_SHA256_MATCH,MIGRATED_PUBLIC,2026-08-11
scans/tlg5059/tlg006/walters-w521-fols200r-203r,Zual/TLG_libre_scans,webdataset/walters-w521-targeted-sap-jpeg.tar,7,28323840,2dcb385dd1c8e2372f796cb8620911d635deaade837428c300c4334776ae8082,REMOTE_PATH_SIZE_AND_SHA256_MATCH,MIGRATED_PUBLIC,2026-08-11
scans/tlg5059/tlg010/walters-w521-fols12r-22r,Zual/TLG_libre_scans,webdataset/walters-w521-targeted-more-sap-jpeg.tar,21,175144960,b084eee77bcd7d8bfe7f343149383e8b02e3f2aa71f1e782acd971ac7c962f3e,REMOTE_PATH_SIZE_AND_SHA256_MATCH,MIGRATED_PUBLIC,2026-08-11
scans/tlg5059/tlg011/walters-w521-fols23r-24v,Zual/TLG_libre_scans,webdataset/walters-w521-targeted-more-sap-jpeg.tar,4,175144960,b084eee77bcd7d8bfe7f343149383e8b02e3f2aa71f1e782acd971ac7c962f3e,REMOTE_PATH_SIZE_AND_SHA256_MATCH,MIGRATED_PUBLIC,2026-08-11
scans/tlg5059/tlg012/walters-w521-fols28r-35v,Zual/TLG_libre_scans,webdataset/walters-w521-targeted-more-sap-jpeg.tar,16,175144960,b084eee77bcd7d8bfe7f343149383e8b02e3f2aa71f1e782acd971ac7c962f3e,REMOTE_PATH_SIZE_AND_SHA256_MATCH,MIGRATED_PUBLIC,2026-08-11
scans/tlg5059/tlg013/walters-w521-fols36r-37v,Zual/TLG_libre_scans,webdataset/walters-w521-micah-sap-jpeg.tar,4,2846720,4b102fd4546c4a3fe8617f0f73fdf6728e846d70ad577c9833de354b96f866af,REMOTE_PATH_SIZE_AND_SHA256_MATCH,MIGRATED_PUBLIC,2026-08-11
scans/tlg5059/tlg014/walters-w521-fols48v-50r,Zual/TLG_libre_scans,webdataset/walters-w521-targeted-more-sap-jpeg.tar,4,175144960,b084eee77bcd7d8bfe7f343149383e8b02e3f2aa71f1e782acd971ac7c962f3e,REMOTE_PATH_SIZE_AND_SHA256_MATCH,MIGRATED_PUBLIC,2026-08-11
scans/tlg5059/tlg015/walters-w521-fols56v-60v,Zual/TLG_libre_scans,webdataset/walters-w521-targeted-more-sap-jpeg.tar,9,175144960,b084eee77bcd7d8bfe7f343149383e8b02e3f2aa71f1e782acd971ac7c962f3e,REMOTE_PATH_SIZE_AND_SHA256_MATCH,MIGRATED_PUBLIC,2026-08-11
scans/tlg5059/tlg016/walters-w521-fols61r-70r,Zual/TLG_libre_scans,webdataset/walters-w521-targeted-more-sap-jpeg.tar,19,175144960,b084eee77bcd7d8bfe7f343149383e8b02e3f2aa71f1e782acd971ac7c962f3e,REMOTE_PATH_SIZE_AND_SHA256_MATCH,MIGRATED_PUBLIC,2026-08-11
scans/tlg5059/tlg017/walters-w521-fols70v-74v-83r-85v,Zual/TLG_libre_scans,webdataset/walters-w521-targeted-more-sap-jpeg.tar,15,175144960,b084eee77bcd7d8bfe7f343149383e8b02e3f2aa71f1e782acd971ac7c962f3e,REMOTE_PATH_SIZE_AND_SHA256_MATCH,MIGRATED_PUBLIC,2026-08-11
scans/tlg5059/tlg018/walters-w521-fols75r-82v,Zual/TLG_libre_scans,webdataset/walters-w521-targeted-more-sap-jpeg.tar,16,175144960,b084eee77bcd7d8bfe7f343149383e8b02e3f2aa71f1e782acd971ac7c962f3e,REMOTE_PATH_SIZE_AND_SHA256_MATCH,MIGRATED_PUBLIC,2026-08-11
scans/tlg5059/tlg019/walters-w521-fols86r-87v,Zual/TLG_libre_scans,webdataset/walters-w521-targeted-more-sap-jpeg.tar,4,175144960,b084eee77bcd7d8bfe7f343149383e8b02e3f2aa71f1e782acd971ac7c962f3e,REMOTE_PATH_SIZE_AND_SHA256_MATCH,MIGRATED_PUBLIC,2026-08-11
scans/tlg5059/tlg020/walters-w521-fols88r-92r,Zual/TLG_libre_scans,webdataset/walters-w521-targeted-more-sap-jpeg.tar,9,175144960,b084eee77bcd7d8bfe7f343149383e8b02e3f2aa71f1e782acd971ac7c962f3e,REMOTE_PATH_SIZE_AND_SHA256_MATCH,MIGRATED_PUBLIC,2026-08-11
scans/tlg5059/tlg021/walters-w521-fols96r-104v,Zual/TLG_libre_scans,webdataset/walters-w521-targeted-more-sap-jpeg.tar,18,175144960,b084eee77bcd7d8bfe7f343149383e8b02e3f2aa71f1e782acd971ac7c962f3e,REMOTE_PATH_SIZE_AND_SHA256_MATCH,MIGRATED_PUBLIC,2026-08-11
scans/tlg5059/tlg022/walters-w521-fols105r-113r,Zual/TLG_libre_scans,webdataset/walters-w521-targeted-more-sap-jpeg.tar,17,175144960,b084eee77bcd7d8bfe7f343149383e8b02e3f2aa71f1e782acd971ac7c962f3e,REMOTE_PATH_SIZE_AND_SHA256_MATCH,MIGRATED_PUBLIC,2026-08-11
scans/tlg5059/tlg023/walters-w521-fols113v-129r,Zual/TLG_libre_scans,webdataset/walters-w521-targeted-more-sap-jpeg.tar,32,175144960,b084eee77bcd7d8bfe7f343149383e8b02e3f2aa71f1e782acd971ac7c962f3e,REMOTE_PATH_SIZE_AND_SHA256_MATCH,MIGRATED_PUBLIC,2026-08-11
scans/tlg5059/tlg024/walters-w521-fols129v-150v,Zual/TLG_libre_scans,webdataset/walters-w521-targeted-more-sap-jpeg.tar,43,175144960,b084eee77bcd7d8bfe7f343149383e8b02e3f2aa71f1e782acd971ac7c962f3e,REMOTE_PATH_SIZE_AND_SHA256_MATCH,MIGRATED_PUBLIC,2026-08-11
scans/tlg5059/tlg025/walters-w521-fols151r-155r,Zual/TLG_libre_scans,webdataset/walters-w521-targeted-more-sap-jpeg.tar,9,175144960,b084eee77bcd7d8bfe7f343149383e8b02e3f2aa71f1e782acd971ac7c962f3e,REMOTE_PATH_SIZE_AND_SHA256_MATCH,MIGRATED_PUBLIC,2026-08-11
scans/tlg5059/tlg026/walters-w521-fols158v-199v,Zual/TLG_libre_scans,webdataset/walters-w521-tail-canon-sap-jpeg.tar,83,80076800,a3af839b1350a02145a6f399545afdd6feb418d50ea6c90836828aac7009d1c1,REMOTE_PATH_SIZE_AND_SHA256_MATCH,MIGRATED_PUBLIC,2026-08-11
scans/tlg5059/tlg027/walters-w521-fols203v-207r,Zual/TLG_libre_scans,webdataset/walters-w521-tail-canon-sap-jpeg.tar,8,80076800,a3af839b1350a02145a6f399545afdd6feb418d50ea6c90836828aac7009d1c1,REMOTE_PATH_SIZE_AND_SHA256_MATCH,MIGRATED_PUBLIC,2026-08-11
scans/tlg5059/tlg028/walters-w521-fols228r-234r,Zual/TLG_libre_scans,webdataset/walters-w521-tail-canon-sap-jpeg.tar,13,80076800,a3af839b1350a02145a6f399545afdd6feb418d50ea6c90836828aac7009d1c1,REMOTE_PATH_SIZE_AND_SHA256_MATCH,MIGRATED_PUBLIC,2026-08-11
scans/tlg1497/tlg001/fgrh131-p673,Zual/TLG_libre_scans,webdataset/fgrh131-pages-673-676.tar,1,1853440,dd9a0093e1866226a99d413b9f1f3d15033424f8e654b7971bb004fb729b8058,REMOTE_PATH_SIZE_AND_SHA256_MATCH,MIGRATED_PUBLIC,2026-08-11
scans/tlg1497/tlg002/fgrh131-pp673-676,Zual/TLG_libre_scans,webdataset/fgrh131-pages-673-676.tar,4,1853440,dd9a0093e1866226a99d413b9f1f3d15033424f8e654b7971bb004fb729b8058,REMOTE_PATH_SIZE_AND_SHA256_MATCH,MIGRATED_PUBLIC,2026-08-11
scans/tlg2959/pg18-methodius/tlg012,Zual/TLG_libre_scans,scans/tlg2959/pg18-methodius/tlg012,18,84970557,921b565c72ae11e7a945a4cd75d78c9d8d82dcca82ee538ae0613bde5d0e54f4,REMOTE_PATH_SIZE_AND_SHA256_MATCH,MIGRATED_PUBLIC,2026-08-12
scans/tlg2959/pg18-methodius/tlg013,Zual/TLG_libre_scans,scans/tlg2959/pg18-methodius/tlg013,8,36299017,ae5cf19356973751f1012ddcc1a29cd9c657c9730d9ad741b3581c88ebfdeb90,REMOTE_PATH_SIZE_AND_SHA256_MATCH,MIGRATED_PUBLIC,2026-08-12
scans/tlg3190/badw-mesarites,Zual/TLG_libre_scans,scans/tlg3190/badw-mesarites,152,111613767,52ae5d219cae2a6adc0913d166d6d23730e76781214636e8dea14abbda84000c,REMOTE_PATH_SIZE_AND_SHA256_MATCH,MIGRATED_PUBLIC,2026-08-12
scans/tlg3190/tlg006,Zual/TLG_libre_scans,scans/tlg3190/tlg006/fu-berlin-heisenberg-1908-pp10-96.pdf,87,132327062,cb37a961d305c63b1b8072620273a4d43493c085e519ebe06b8f7f2bb899c61c,REMOTE_PATH_SIZE_AND_SHA256_MATCH,MIGRATED_PUBLIC,2026-08-12
scans/tlg3191/tlg007/gallica-bnf-grec-2751-f34v-46r,Zual/TLG_libre_scans,scans/tlg3191/tlg007/gallica-bnf-grec-2751-f34v-46r,12,37062337,7e98e35548803448bc3af51acac16aec8040c524db240673decf1d89e4e600ed,REMOTE_PATH_SIZE_AND_SHA256_MATCH,MIGRATED_PUBLIC,2026-08-12
scans/tlg3191/tlg010/gallica-bnf-grec-2751-f107r-112v,Zual/TLG_libre_scans,scans/tlg3191/tlg010/gallica-bnf-grec-2751-f107r-112v,7,23950341,516e3d000ea2ec84754c30d32ab040d6603e6e78867cfced8b895b5d2d79d648,REMOTE_PATH_SIZE_AND_SHA256_MATCH,MIGRATED_PUBLIC,2026-08-12
